time,vibration,pressure,temperature,label
0,0.9293078626110592,49.55261991671108,39.84715394715573,normal_1
1,0.977093479081011,51.60978533507008,39.31615787336483,normal_1
2,1.0253189920768713,49.14613378901445,39.58781231400053,normal_1
3,1.0177781195927698,49.0208217530405,40.271943186549194,normal_1
4,0.9484128862500548,49.8799613561133,39.802700926202895,normal_1
5,0.9609290846833576,50.66635459486029,40.024589652187395,normal_1
6,1.0041200962472854,50.53915075546068,40.38499192931751,normal_1
7,0.9641011243113633,50.59618859151576,40.13333872784464,normal_1
8,1.0592103375479933,51.96026124208691,39.12701052574431,normal_1
9,0.9519268537142256,49.74448963538677,39.86110713182246,normal_1
10,0.9218866468997919,49.04082231981101,39.64751226256796,normal_1
11,1.0479615293521454,50.938980249290616,39.24853833444717,normal_1
12,0.980832722406951,51.73535231266152,40.503241990743106,normal_1
13,1.0212318477999736,49.760946630256115,39.58711807677482,normal_1
14,0.9844598865831687,50.37333859076562,40.05906356986807,normal_1
15,0.8860566401197089,49.80678651642421,39.61226897729087,normal_1
16,1.0472935053824757,50.798835847097806,40.905161787362374,normal_1
17,1.0407527981788598,50.325751307721724,40.56043003471433,normal_1
18,0.9201368054958189,49.09527333967841,39.49746009647034,normal_1
19,1.041626020703311,50.22329447270928,39.92903104843291,normal_1
20,0.8940415592812675,49.11026500640363,40.627112786162,normal_1
21,0.9903408197064637,50.34232150179423,40.821366875143326,normal_1
22,1.056819934084017,49.596184758417806,39.595840694427174,normal_1
23,0.9929594560622962,51.76426143688651,40.77227923064699,normal_1
24,0.938093795008235,51.19897873774574,39.531075816243764,normal_1
25,1.0928252103926146,52.36051998727006,40.75676251027379,normal_1
26,1.1235224358232663,50.46154317571018,40.09610422374386,normal_1
27,1.0492901079810502,51.31319529596192,40.121249323276864,normal_1
28,0.9832738579939059,50.78625324189549,40.83868620285994,normal_1
29,1.1007333839173623,50.99348872911408,40.06720802757521,normal_1
30,0.9248328025288802,50.45228694012819,40.184623562978146,normal_1
31,1.0519031851738905,51.97301146319175,39.62634941920253,normal_1
32,1.0471941998759287,50.800859863541575,40.2894295543493,normal_1
33,1.0275544195824569,50.20694912113691,39.3550936762074,normal_1
34,1.0053316667762242,49.26455943683091,39.64148856191245,normal_1
35,1.1339584142356056,51.90786332772742,39.70398524693478,normal_1
36,0.9083917100379136,49.04654368412786,40.595022605810406,normal_1
37,0.9651254582638329,50.91480495087368,39.16723357979242,normal_1
38,0.9761149087562927,50.5523625820058,40.07241080492745,normal_1
39,1.0533888211589093,49.99319538311293,40.46034135618235,normal_1
40,0.9548458559828878,49.86472743298998,39.21120911813733,normal_1
41,1.0687359652034887,50.43514621025739,39.74689218873637,normal_1
42,0.8693027651877008,49.64514211407841,39.447742871710965,normal_1
43,1.1005303128990855,51.142114915856446,41.32408396236258,normal_1
44,0.8993194617364402,50.066380076554985,40.68709273381131,normal_1
45,0.9919291950981816,49.87000486762876,39.293583738439054,normal_1
46,1.0402394558340362,49.60003926370643,40.50868667564606,normal_1
47,1.0328008684350625,49.50780085320635,39.881237544531984,normal_1
48,0.970385629890261,49.804854306213954,39.083794811654606,normal_1
49,0.9853445938220379,52.06136327237471,40.36991056469799,normal_1
50,0.9866376534237051,50.64980492490527,40.74411846113346,normal_1
51,0.9285245789130546,50.607088464305974,41.0222501460388,normal_1
52,1.012129368289047,47.140239794822065,40.04402625292265,normal_1
53,0.9532856163622535,50.066864469151646,39.79086123059305,normal_1
54,0.9599749345315131,48.20621863047551,39.85082403093238,normal_1
55,1.0005736921332162,50.00721350673451,40.025988253193574,normal_1
56,0.9282349681720578,48.95567942330421,39.89113497820526,normal_1
57,1.0130620938990778,51.30870354958161,39.90258184492314,normal_1
58,1.0464711840247736,49.453302761707704,39.475580261285025,normal_1
59,0.941649941473776,51.168270078985344,41.02689000915302,normal_1
60,1.036218488181073,50.61793140628637,40.047589710438785,normal_1
61,1.0251038067376737,49.28284287616177,40.10515291197475,normal_1
62,0.9766090075551961,50.49600290166739,39.33776757692312,normal_1
63,0.9575648771871857,50.9433435985946,39.3045265233811,normal_1
64,1.0864141063724035,50.11162203291631,40.12290241020009,normal_1
65,0.9536875332161744,50.60700704905748,39.61798243300718,normal_1
66,1.023380164255841,51.35750092191315,39.64874662369746,normal_1
67,0.9110062049264911,50.74822008581133,39.354639066463704,normal_1
68,0.9834907244228807,51.142585268949894,40.5027497467437,normal_1
69,0.9265763245189231,50.46986745872766,38.87154682780852,normal_1
70,0.9669982442675985,49.938192255550405,39.165387633456994,normal_1
71,1.062764321872785,50.14370525493783,39.660565373182244,normal_1
72,0.9801554237422551,51.47668145824991,40.20366947282241,normal_1
73,1.004784555764136,51.81242079592817,39.616410814296145,normal_1
74,1.0304628515154397,49.02060268348425,39.61125741370593,normal_1
75,1.049921156088237,50.70235918649488,39.87415990337498,normal_1
76,0.9563150824358081,49.50085985863639,40.2423358996964,normal_1
77,1.0395925064380285,50.41804258036931,40.04542988073685,normal_1
78,0.9346770248460986,50.72240893815748,40.20732115852244,normal_1
79,1.025014384939902,51.32714458997078,41.15215562409126,normal_1
80,1.0795478090230621,49.47078850099767,40.722314344581996,normal_1
81,0.9695339279491412,49.92487643646392,39.93908779166051,normal_1
82,1.0390751849069388,48.792530755887704,40.144157588712446,normal_1
83,0.924019467000196,49.88959820599278,40.09744038747622,normal_1
84,1.0425422626799612,50.736096563306624,39.653115431429235,normal_1
85,1.0304543032148843,49.05386245567485,40.167506976904754,normal_1
86,1.0153201549511548,51.187343579525596,39.545897878600435,normal_1
87,1.0009501244731474,49.2443864186034,39.58961841805259,normal_1
88,0.9765097894389082,49.20698527288293,39.74496342575719,normal_1
89,1.0101799548983297,49.54492841097101,40.21335433078756,normal_1
90,0.917326606667248,50.68321297121049,39.9664348806297,normal_1
91,0.9971835930824784,49.92489590333714,40.75584756094886,normal_1
92,1.0491398717584213,48.817556383049705,40.021315682010595,normal_1
93,0.996048659168264,51.658446972365034,41.16489701377395,normal_1
94,1.0137351811014996,50.54833879126113,39.995404429548756,normal_1
95,0.9854230085728519,50.92995667365135,39.659453361169604,normal_1
96,0.9874318091982485,50.76757043340608,40.9431538975024,normal_1
97,0.994125523585696,48.987379643803926,40.49197193769221,normal_1
98,0.980823761015544,49.45026857116626,40.23537662138989,normal_1
99,0.977497416822648,49.924244168047096,39.975007097514165,normal_1
100,1.061473561302587,50.969445988924875,39.927022726938795,normal_1
101,1.0629235057364061,48.77062724193914,39.73805466850191,normal_1
102,1.0278379914235636,49.92645941976892,39.8697854175103,normal_1
103,1.0474247138156338,51.378156784913386,39.70815692040791,normal_1
104,0.8720902197045395,50.64001210871516,39.67746377752027,normal_1
105,1.0128589969162234,49.50440419962261,39.79567317622558,normal_1
106,0.9727935805251824,53.193320837413225,39.7495262227344,normal_1
107,0.9954176741049979,48.21481338971195,39.627684374938696,normal_1
108,1.0206910358489065,50.96167253743431,39.74453404970085,normal_1
109,0.9711165374166963,49.78293543901817,40.10129805080964,normal_1
110,1.0217440144580687,51.148476423425386,40.98886804484768,normal_1
111,0.9684895952821095,50.654596313987035,39.95757552743493,normal_1
112,1.025175351506516,49.035842824075935,40.74331741659665,normal_1
113,0.9853779968941949,51.5271957350954,39.8073733445345,normal_1
114,1.0332661726781938,47.57847088477189,39.645076427516166,normal_1
115,0.9124872473369424,50.891425044572145,39.69577791071839,normal_1
116,1.1187813197302217,49.03609453126971,39.682043169883386,normal_1
117,0.9710882910056192,51.29087772865562,40.18349095527912,normal_1
118,0.988579864338475,50.72383432987306,40.168251389178835,normal_1
119,0.9972293913186895,50.16918123498932,40.3580297507584,normal_1
120,0.9861412221605962,49.60306624774228,39.6176914087182,normal_1
121,1.061342516345467,47.66853823346179,39.709860089121726,normal_1
122,1.021736039556885,48.8100144645388,40.37281315866734,normal_1
123,1.0410580304521753,48.976663770047985,40.39819477582787,normal_1
124,1.0292800957450856,51.3301729117713,40.20174814546351,normal_1
125,0.9915294165538826,51.4517834069427,39.866827817281,normal_1
126,1.0043075331835019,50.04132291352215,40.02169740539315,normal_1
127,1.0057174054942246,50.797761391809225,39.798594804188156,normal_1
128,0.9293460635661882,49.5467285719696,39.79624235154413,normal_1
129,0.9449837489733389,49.847692871998504,39.57399888638123,normal_1
130,0.9604543294869811,50.81748271471292,40.97642094231944,normal_1
131,1.100531423120426,49.24941022739504,40.49073325977906,normal_1
132,0.8744744828468674,48.473236212979124,39.24849177950255,normal_1
133,1.0043611295659676,49.70516378766243,40.68245696861371,normal_1
134,0.9980476947869484,50.22624712587823,40.620012004596056,normal_1
135,1.024738461079287,50.818063929239266,39.660017236095506,normal_1
136,1.0395977695066563,48.23697963202887,40.64101666710598,normal_1
137,1.0241040910332677,49.76522226751983,40.34540227691446,normal_1
138,0.9442667332256929,52.34432850290865,40.35795476461327,normal_1
139,1.0854847281563438,49.835838859786946,40.68500306492747,normal_1
140,1.0029242926091966,49.73547859042937,41.30193453535915,normal_1
141,0.9696576197428766,51.27135364781865,40.1138360805435,normal_1
142,0.9946794968706347,48.91722718151149,39.82570163135533,normal_1
143,0.9819595909634359,50.64348639446654,39.57265913513556,normal_1
144,0.9966435953599811,51.7601963198745,39.62730693592991,normal_1
145,1.0261707985849315,50.36005162442457,39.83058974102711,normal_1
146,1.0092200456141411,49.76124494069722,40.00185291989615,normal_1
147,1.064532608473349,51.91282857616471,39.88162873520374,normal_1
148,1.0385735727217968,49.66183292314526,39.95338032223426,normal_1
149,0.9739222352092617,50.21282144971355,40.123945972878325,normal_1
150,0.9925738817372612,49.88765470491562,40.073040440710564,normal_1
151,0.9246960570554505,50.194570432754794,40.773767884626004,normal_1
152,0.959511817151575,49.95661668541406,39.39434276645879,normal_1
153,0.9343957331883784,53.2511703137865,39.84720062403169,normal_1
154,1.028548481264013,50.23431749987281,40.830168276157025,normal_1
155,0.9308654373493974,49.35103314846786,39.96332031752191,normal_1
156,1.0002631941740134,51.627863334790106,39.71670417250726,normal_1
157,0.933402928506806,49.40169209927575,40.24067807357399,normal_1
158,1.0035238369331623,50.09238295332715,40.54900830954914,normal_1
159,1.0687416172738788,49.15261603793195,40.86960011094492,normal_1
160,1.0334537096613066,50.34930642438121,39.70218230727953,normal_1
161,1.034303627111112,48.69545267125889,40.593855023157914,normal_1
162,1.0014233846054346,49.880514686771605,39.82341248402903,normal_1
163,1.092238390006061,49.300432134833144,40.002224309167026,normal_1
164,0.9443612239621849,49.55743309106025,39.78144505713641,normal_1
165,0.9568528906837149,49.89707731442811,39.396758805332134,normal_1
166,0.9575538006460624,48.606918782842506,39.552304345665696,normal_1
167,0.8941437364445197,48.88145817612563,39.890789902217705,normal_1
168,1.029723460800086,50.50371593032545,39.65301880166216,normal_1
169,1.0284131331854889,49.18649958174485,40.05749925763501,normal_1
170,1.0570724874703523,50.58276552314584,39.636775680718664,normal_1
171,0.977964326467439,48.97162565536373,39.587490705635105,normal_1
172,0.9258340107494029,48.119652255168724,39.07229074063029,normal_1
173,1.0134626196891792,50.73190215993358,40.158848672543044,normal_1
174,0.8844685612401105,50.69881786510079,40.350260822606096,normal_1
175,1.0277217309793063,49.063065537657494,39.73658339839914,normal_1
176,0.92904766597655,50.36362793619223,40.39234364325031,normal_1
177,0.9709480183992201,50.22882560216615,39.25814395412727,normal_1
178,0.9934486345233361,49.52576402027296,39.436327594982664,normal_1
179,1.0048514801151909,50.81370604649707,39.67329539596556,normal_1
180,0.9652423678476769,50.25830770774319,39.88818413312951,normal_1
181,0.9642639401388223,49.23760447945365,40.07971039855819,normal_1
182,1.0822451107392974,50.42720461502309,40.54572312545792,normal_1
183,0.9847046018409655,50.38903556404825,39.95390855017221,normal_1
184,1.0342770123644347,47.535070975086754,40.530661953581074,normal_1
185,0.9565024820826968,49.971919559873605,40.080497788510094,normal_1
186,1.0464849487511747,51.87095926738113,40.123713739676326,normal_1
187,0.9796392179119556,49.00788258545234,39.559498353238716,normal_1
188,1.003405460246886,50.14201263978297,40.251435200079904,normal_1
189,1.0054702673556348,50.14475939219626,39.21300144020514,normal_1
190,1.0322487987399283,48.8226472632069,39.82241708193597,normal_1
191,1.0484904257585907,51.38622404352401,39.702863481094276,normal_1
192,1.061864741974626,49.50680688536755,39.994539065611605,normal_1
193,1.0459342468909338,50.38978494069933,40.44192652993557,normal_1
194,0.968521344555024,49.53101917463096,39.045292260344084,normal_1
195,0.960770984095854,49.653996747528055,40.717450022152306,normal_1
196,1.0241014977357592,50.98913461707044,39.77626871874359,normal_1
197,0.9815803839935763,48.653099121510635,40.049906913790224,normal_1
198,1.007732519093983,51.50046845491461,40.295867015337684,normal_1
199,1.1032095498129706,51.15286960974649,40.018311050046854,normal_1
200,1.0125488093832617,52.378621917147115,40.2629022708878,normal_1
201,1.0126742477535982,49.624854530510454,41.84266135012067,normal_1
202,0.9578853617088571,47.7919961207827,40.46449631663706,normal_1
203,0.9574469864747285,50.54014803828429,39.66002910040933,normal_1
204,0.9854529927232829,51.52183523404582,39.71492036500388,normal_1
205,0.9740094491647764,50.971596573387416,40.5357840592213,normal_1
206,0.9993705844510369,50.610107201364514,39.88214000619576,normal_1
207,1.0274730721149539,51.06944244706497,40.29311986663012,normal_1
208,0.9907300459796872,50.90088964132006,39.25139358802704,normal_1
209,0.9396628436450163,49.80917728689073,39.64984848688211,normal_1
210,1.0864508533712633,48.24581828971575,39.44277069657483,normal_1
211,0.9447152174514778,52.000997019502854,39.43500408084058,normal_1
212,0.9701946220812481,50.54787094381863,39.30458802206771,normal_1
213,0.9930917610103026,51.825232735140105,39.698651242639514,normal_1
214,0.9584769987500575,51.17594664111707,40.085880615254304,normal_1
215,1.0403010844306053,50.91167262246932,41.075385704939414,normal_1
216,0.9327257683931771,49.070039387341296,40.465527248012684,normal_1
217,1.0171477168069023,50.23041250783809,40.56839425516201,normal_1
218,0.967542399767125,49.31249235216303,40.009932486135355,normal_1
219,0.9332909523173492,49.73906817392373,39.59052841478398,normal_1
220,0.9634966250332074,51.55072064828344,40.26486602504457,normal_1
221,1.0283260109104508,49.86439270644558,39.143437679297335,normal_1
222,1.0828349397810733,49.280887487678804,39.7815549589295,normal_1
223,0.9578105731336803,51.12224745076994,40.365577552620145,normal_1
224,0.9869271773815854,51.157204111241704,39.29035636959852,normal_1
225,0.999001800562689,51.31985818573906,39.920639427406854,normal_1
226,0.9776989705309683,49.89691038150632,40.22160235593306,normal_1
227,1.0318481342355652,50.0970945375237,40.11412316768796,normal_1
228,0.9709432428875878,48.672139454155584,39.079131258546624,normal_1
229,0.9522494277472558,49.48857541567766,39.67584507127296,normal_1
230,0.9478683547200215,50.206531028078345,39.59110318414335,normal_1
231,0.9002995793235694,50.09294947666834,39.888408480539475,normal_1
232,1.0290398408995316,51.27555735986325,40.0262353566711,normal_1
233,1.1038556556781693,48.66052337522508,39.74491709353419,normal_1
234,1.0020981407335658,50.37410759913435,39.507407127524466,normal_1
235,0.9199620652780799,50.65113450203926,39.81214140585681,normal_1
236,1.0777411449964498,51.34411080954526,39.03495262088202,normal_1
237,1.0229271869386047,49.00135451298176,40.49349331924619,normal_1
238,0.9285672626340055,51.251083206667076,40.169310391676774,normal_1
239,0.9780516093569972,48.969934570512486,40.361273660504644,normal_1
240,0.9806363665035474,50.94005651728373,40.0115807135842,normal_1
241,1.1124582774084606,50.01198776808833,40.07488629205771,normal_1
242,0.9297989234944605,49.11215526374177,39.873397162019145,normal_1
243,0.9810121082193662,51.58252556563108,40.028500904203945,normal_1
244,1.0394799569206032,51.65157453416138,39.03192265413924,normal_1
245,1.0842977331204027,49.785829669003405,40.41113272763529,normal_1
246,0.9540546755092179,49.805370073155444,39.1832307587431,normal_1
247,1.085781017088793,49.423082337259004,39.872559604420275,normal_1
248,1.029948931114966,48.690936420935834,39.82460864453289,normal_1
249,1.025321338226224,50.06501147786166,39.74265487680922,normal_1
250,0.9377791649277987,49.749356105916306,39.66495635626594,normal_1
251,0.9960491559982936,49.120667835304715,39.804494314743366,normal_1
252,0.981014748150357,50.641596104274996,39.33516611000831,normal_1
253,1.108910788414462,50.63400852481016,39.59701986265449,normal_1
254,0.9686308824012428,50.962979639856236,40.04445303927738,normal_1
255,0.9830030738792087,50.66291260426852,40.674085436463535,normal_1
256,0.9409659741643681,51.27873351436646,41.217036411507515,normal_1
257,0.9474557497748075,48.44498065772813,40.25858870546129,normal_1
258,1.001167506569494,49.9656097015375,39.529484914333466,normal_1
259,1.0099252446196063,49.97352545572456,39.65307868691783,normal_1
260,0.967742434086306,50.81273244665451,39.11662175726199,normal_1
261,0.9985689069546345,50.02031650924112,39.465976709695674,normal_1
262,1.0778080057045294,49.63384565995488,39.736440818355355,normal_1
263,1.0126402956052185,51.48993620667212,40.37993662186613,normal_1
264,1.0397819377432511,50.53615727390683,40.49800412632363,normal_1
265,1.0584066193254247,50.463153439805716,40.176996746142436,normal_1
266,1.0422909461776815,51.94133535736538,39.005642807723646,normal_1
267,0.9520091715923917,48.365362393569825,39.882224799487595,normal_1
268,0.9603549763306398,48.992178335087836,39.67269482295077,normal_1
269,0.9978785987410701,50.965669700656704,39.50353735348162,normal_1
270,1.0413127186449718,50.42720878346659,40.22887234148069,normal_1
271,0.9080900429102468,49.10359196606534,40.300520998213045,normal_1
272,1.0814508365335418,49.54070004652195,40.49179540680549,normal_1
273,1.0086309157905302,49.47053530206281,40.00213971760137,normal_1
274,0.9841709542335658,49.67035932732402,39.89821477886855,normal_1
275,0.9844381540372616,50.186194385832664,39.37411064191106,normal_1
276,1.0274875471343459,49.15346508386462,40.896271360388106,normal_1
277,1.0221993083641614,48.90581071856931,39.86147395989875,normal_1
278,0.9333350297348549,50.23059976906567,39.75616944322258,normal_1
279,0.9878266106447648,49.85715378383364,39.92794890780402,normal_1
280,1.0482750181587082,47.75067179399323,39.58012773863145,normal_1
281,0.9121694636307516,50.035248794456336,40.224464200847166,normal_1
282,1.1120404659882854,47.840826822409696,40.20186885631524,normal_1
283,0.9501102353704817,50.55510468651476,40.773030395723694,normal_1
284,0.9160681417317859,49.19460040680442,39.7592022752967,normal_1
285,1.0505754520427097,50.11452862695861,39.55207674811505,normal_1
286,1.0246942091616078,51.53121702910774,40.41319944127931,normal_1
287,1.0287515610242137,51.50717575958618,40.59064125504735,normal_1
288,1.0318909669815637,49.06458475007661,39.37159288451836,normal_1
289,0.9628012610632786,50.95012463689411,40.2522172993604,normal_1
290,0.9474691445897628,49.81299062212518,40.576722127480075,normal_1
291,0.9926755792540547,50.92526065507163,40.74642332420788,normal_1
292,1.0294948297249964,49.949505101966075,39.52962537699767,normal_1
293,0.9539818730407519,49.98031393283529,39.775457386152425,normal_1
294,0.9881545057924405,51.31244726515205,41.08141298797194,normal_1
295,0.9692210051678373,50.31496558289218,40.05137358564599,normal_1
296,0.9673688842462119,49.1075046750271,39.43882810242084,normal_1
297,0.9285266792093703,50.36832801027787,40.689292084020316,normal_1
298,0.9826754100956226,50.26008431005003,40.26979859663435,normal_1
299,1.0324281960289214,53.363162299671174,39.95916927880747,normal_1
300,1.0152561004541036,50.3230199324549,39.78052232476781,normal_1
301,0.9996013554109745,49.18964661649338,40.312180171223496,normal_1
302,0.9522485859399775,49.29429366720987,40.73132667131732,normal_1
303,0.8721773987324222,49.54761219796797,40.12603170963929,normal_1
304,0.9803148084933353,48.75144557899353,40.01077852494169,normal_1
305,0.9280402024435415,50.52032491792122,40.34041147623127,normal_1
306,1.0191667839233445,49.49567989848679,40.221062441860035,normal_1
307,0.9790076631705792,50.46265168022443,39.64734391874745,normal_1
308,0.925897237153116,50.43201160244902,40.149897931777566,normal_1
309,1.001633304901331,49.52491495664743,40.194375962935986,normal_1
310,0.9779146467575082,48.20560721927234,40.28354627772327,normal_1
311,1.0072500875051766,51.990843284652186,40.223072251835106,normal_1
312,0.9144802210724313,51.084861044899554,40.39833516639315,normal_1
313,1.0027244538699718,49.40751796201489,40.03025500655116,normal_1
314,0.9226371116177772,51.200083659133014,39.07381498153549,normal_1
315,0.9499879076165971,51.465351782559324,40.65429472011841,normal_1
316,0.897177994652555,48.977823505504105,40.63016363043181,normal_1
317,0.9790600855431661,50.74487951705732,40.0340440668692,normal_1
318,0.9924114296360075,51.18765430394691,40.737082113747505,normal_1
319,0.9375511630550915,49.75248125228829,39.998694964353106,normal_1
320,0.9432686128511154,49.687618749127665,40.849244234103,normal_1
321,0.9686208887009593,50.14687053943716,39.992138730456794,normal_1
322,1.0074809684854675,50.18971940016342,39.577478178294655,normal_1
323,1.0066342933506485,51.351944500480016,39.98096066363865,normal_1
324,0.9519300232507988,50.84862185658819,39.94639161521547,normal_1
325,1.0472203684053365,51.529759929605575,39.71655983484314,normal_1
326,1.0225342428060873,48.202970691194395,39.440767975614634,normal_1
327,0.9290244344896468,50.835126622897036,39.5395635829086,normal_1
328,0.9560679947328398,50.014150203497934,39.317854474966275,normal_1
329,1.0249511546654302,50.66599219384441,39.87957128600627,normal_1
330,0.9530226864269389,49.936001680634234,40.09057935131741,normal_1
331,0.9689433244250908,50.51187494939562,39.64196741968624,normal_1
332,0.9545223333858239,50.10625040886123,40.75849118674361,normal_1
333,0.9588372359822894,49.172105521645484,40.56740440156433,normal_1
334,0.9600374491122967,49.324623580762875,40.52446165621534,normal_1
335,0.9642322029131672,50.484228357989764,39.79588896694575,normal_1
336,1.1039812928791135,49.172100786975506,39.815007212464415,normal_1
337,0.9941546555661194,49.28297852744929,39.57003288788614,normal_1
338,1.035039711180518,48.322821694117806,39.9346650276854,normal_1
339,0.9599593601109839,50.344769039962536,40.73560701350216,normal_1
340,0.9621233458418398,49.081821184373915,39.400405770105074,normal_1
341,0.9937768065836418,49.40782415970066,40.4923067592772,normal_1
342,0.9665954794932903,50.037842855669616,39.77653578472678,normal_1
343,1.001492298681026,49.35024222746399,39.512360289691514,normal_1
344,1.011462054370974,50.448757924911874,40.27448890858955,normal_1
345,1.0155207667203783,50.141475331686756,39.93776193535633,normal_1
346,0.9311580544333471,48.80146453129815,40.11511964254484,normal_1
347,1.101044688371304,48.81013028205591,40.21012676434298,normal_1
348,1.0164214259480604,49.503287700069635,39.87514646758975,normal_1
349,0.9580066970269274,50.36256419171227,39.540255227857806,normal_1
350,0.9648977048796837,48.981671516866186,40.294613048532376,normal_1
351,0.9966502098157701,48.98402586964811,39.48343074090371,normal_1
352,0.9985342101720003,50.97043315397033,40.0862210549735,normal_1
353,1.0268843650951265,49.3835583648398,39.38164040073961,normal_1
354,1.0603487117066768,52.33153721855489,40.07290915297581,normal_1
355,1.0085103800226274,49.0924308359214,40.70813539319783,normal_1
356,1.0533764722100432,51.69904259307485,40.39954170370583,normal_1
357,1.0301041760914504,50.597834215974224,40.302553878938454,normal_1
358,1.0677935234450897,51.08391180122446,40.14060077980454,normal_1
359,1.0182602749038516,51.23443202549252,39.36953248367014,normal_1
360,1.031770722765131,51.390571943666345,40.699144586036944,normal_1
361,0.9623909236413358,49.15478718196249,41.01251126542991,normal_1
362,0.9195169233723421,50.250414949994834,40.225146960967045,normal_1
363,1.0177013337630987,50.59772266367616,39.98327253817511,normal_1
364,1.0394207691165172,50.69860863638722,39.61549149783578,normal_1
365,1.0113595469308874,49.72188519471916,39.807976474237414,normal_1
366,0.9126088378318779,49.741431840681734,39.97246953522686,normal_1
367,1.0136499707650544,49.747786856958264,40.18896196818888,normal_1
368,0.9551505717124323,51.115562964670396,38.73629970646264,normal_1
369,0.9810556214396501,52.07527193478524,39.57664764647364,normal_1
370,0.9982232023514255,48.22957030017163,39.914032934963465,normal_1
371,0.9637616496553308,49.03473380815441,39.80755345989751,normal_1
372,0.8922006231853602,52.00409527407204,40.65011346656747,normal_1
373,0.9527067700884709,50.71205534531415,39.624640695520625,normal_1
374,1.0223708286696014,52.037840160517675,39.991006669598264,normal_1
375,1.0415797175736277,50.02316054349358,39.443322774557245,normal_1
376,1.0154867169574673,47.9796906584056,39.45164224539812,normal_1
377,1.03274548908536,50.486428796617275,40.37888194227903,normal_1
378,0.8614820243078852,50.52798801307887,40.183118370418214,normal_1
379,0.9572809763910796,51.44754984218392,39.14647734364182,normal_1
380,0.9969052349937652,51.27605952080809,39.45312234527397,normal_1
381,0.8983023463516917,50.05420030642043,40.912916371063,normal_1
382,1.0312225044857495,48.723129875298795,40.87375591456854,normal_1
383,1.1068029975357419,50.289563701850994,39.64069078697978,normal_1
384,1.0474380407234474,50.48876688823004,40.12474575272179,normal_1
385,1.0332560642892972,49.88131160204854,39.516818365622285,normal_1
386,1.0224596347679327,48.90820117277418,39.68829941893252,normal_1
387,1.0558041455555807,49.36511948042349,40.28863605807847,normal_1
388,1.0017925936472527,49.32779404829949,41.10575856731527,normal_1
389,1.0625889764546808,48.73986107798263,40.740059164875994,normal_1
390,1.0518095586039773,51.3134264096677,40.59514376959211,normal_1
391,1.0179867930284041,50.663057816279085,39.886296369465875,normal_1
392,0.983568213040504,48.79745995896228,38.49892434652548,normal_1
393,1.0107364892598505,49.8192636961923,40.84629624911282,normal_1
394,1.036221554753351,49.85692724795622,39.83025047963306,normal_1
395,1.0357673640297846,49.6731359873614,40.21934779314315,normal_1
396,0.919656218629027,51.30496495297097,40.81331171771705,normal_1
397,0.9809320116046496,50.455471843242016,39.42428836303754,normal_1
398,1.0022208569329392,49.335465892678876,40.30569204478962,normal_1
399,1.0192831702153633,49.421654631276525,39.043337736982274,normal_1
400,1.0206790147701819,50.497176036828044,39.48592279905281,normal_1
401,1.0235518864446846,49.33894938269896,40.37924084987138,normal_1
402,1.0259974794795652,51.1928132857327,40.44232715657514,normal_1
403,0.9851506297082503,50.89881443056312,39.049233428720456,normal_1
404,0.9734497389851642,48.802341435415464,40.620805301848634,normal_1
405,1.091729576474585,49.86775568168394,39.893671959785806,normal_1
406,1.0402845443596134,50.34711135293339,39.514074186280595,normal_1
407,0.9946133816534528,48.589378812073534,40.06669440116957,normal_1
408,0.9628866831333142,49.99404793937436,38.981019503330685,normal_1
409,1.0206066695401919,48.4451661942698,40.03588614914587,normal_1
410,0.9754426248273721,50.739562335350115,40.57417434141669,normal_1
411,1.0256165721314303,51.2147281824541,40.822542929836764,normal_1
412,1.0635089141522875,48.8880646075288,39.981173706538286,normal_1
413,0.9280137818239262,49.43233415499965,39.76313423080739,normal_1
414,1.0651916438827957,50.67005618845971,38.91686262875228,normal_1
415,0.9723914708462464,50.19486023230125,40.2340966423642,normal_1
416,1.0315049186336218,49.39970092284669,39.866967664390565,normal_1
417,0.9882349193041532,50.380900715803264,40.3166503194788,normal_1
418,1.02601819946488,49.64004390118519,40.85905682611077,normal_1
419,0.917138971461803,50.692015093120645,40.387909590747775,normal_1
420,1.0066002051456984,50.47904979107224,40.46275712917933,normal_1
421,0.9745296035200609,52.21964949818303,39.78459677503577,normal_1
422,0.959368964414932,51.49993804410385,39.61915757449255,normal_1
423,0.9178269880010786,50.17346053434438,39.89641865035191,normal_1
424,1.0354408274090379,50.095865181551154,39.73007217755923,normal_1
425,0.9924214466269696,49.45193291106236,40.22071605551045,normal_1
426,0.9166961308656485,51.70955276478752,39.601968078224886,normal_1
427,0.9777319866591914,49.87460662228038,39.07750416909767,normal_1
428,1.033977265579367,49.774589264400014,38.94033910446635,normal_1
429,0.980628838099036,48.53106930029394,40.72997555676028,normal_1
430,0.9924645997788325,49.46280204508051,39.69987368327656,normal_1
431,1.0473597550191067,49.32139205141207,39.76988993920554,normal_1
432,1.025832314656016,50.0192078180891,40.631573710455754,normal_1
433,0.9768413173584819,49.17995170102687,40.2107274542712,normal_1
434,0.9642948583972619,49.88238784257486,40.04984947357468,normal_1
435,1.0402928627745796,51.01883667451319,39.53244453324673,normal_1
436,1.0098794240843,49.8360011065317,39.85153866524809,normal_1
437,0.9895205968110193,49.629618691781886,40.06252926141482,normal_1
438,0.990386282157279,50.55461674066428,40.427359123421326,normal_1
439,0.8942285472993954,50.081113383868114,40.299697488903846,normal_1
440,0.9707165688907231,49.27259269302552,39.971732551731016,normal_1
441,1.1341572384616219,51.02477506013536,39.48074981197716,normal_1
442,1.0581356491643705,50.61879604246365,39.73441914964861,normal_1
443,1.0825737607488926,50.986502697585976,39.65353076210339,normal_1
444,1.0100438713098876,50.3091549074881,40.89465070669004,normal_1
445,1.1604199599921252,49.09502234455801,40.024030257272315,normal_1
446,1.0467428853991643,50.062087369431765,39.53529437622964,normal_1
447,0.9704863125598897,51.204078227348624,40.57276932062,normal_1
448,1.0546193946589975,49.48611459430953,39.978123917024625,normal_1
449,0.9308355956868999,48.00120432454751,39.20585119532192,normal_1
450,0.9734520730372354,51.303729123208775,39.46494006592669,normal_1
451,0.934645476070599,49.99942882595314,40.179314080601074,normal_1
452,0.9164218316673722,51.25603539304695,40.882742286315064,normal_1
453,0.9670960624630419,50.513263371834526,39.760716107432316,normal_1
454,1.0295774732930394,50.431952946660374,40.75347777093642,normal_1
455,0.9102064380123162,50.99691200379381,40.38865532087861,normal_1
456,1.0238532266774663,49.893332569377854,40.35820831422328,normal_1
457,0.9831736655019486,49.831274557757716,39.561264048273564,normal_1
458,0.9080065412088009,49.57024509088857,39.49953214925146,normal_1
459,0.9750298184918011,49.113195544766675,39.08030749126379,normal_1
460,0.9956371135233428,47.61433701001446,40.51431758344793,normal_1
461,1.0063419809123717,49.766659085530584,39.80448914627571,normal_1
462,1.0241827512981911,51.055678747677725,40.302609561825896,normal_1
463,0.9700084724891315,49.6977658226212,40.10328668139775,normal_1
464,0.9370643721899252,50.47426279543979,40.389535138002344,normal_1
465,1.0134403841846016,50.050642445894816,39.31592751656479,normal_1
466,0.9577085759244749,48.91646679159677,39.679169043500025,normal_1
467,0.9492773477134906,51.35445531358,40.04749068905565,normal_1
468,0.9460980922714957,49.60259949887408,40.461499396798914,normal_1
469,0.9965749693153244,50.295615428295626,40.16517975262677,normal_1
470,0.904957493140315,50.801251873579425,40.26255644627786,normal_1
471,1.0250504767804502,51.04213617157169,39.863096425413836,normal_1
472,0.9693542888546716,50.404353078656506,39.355416703941444,normal_1
473,1.041286046268616,49.84037430621414,39.97042882513901,normal_1
474,1.0045992784597784,50.3151170532499,39.80847483988179,normal_1
475,0.9577001425538032,48.830249893068775,39.439737339070746,normal_1
476,1.0013084143366013,50.165555355620896,39.68763951714895,normal_1
477,0.9539007491218202,49.50417918540546,40.49560164184369,normal_1
478,1.078225805464169,48.65364720189419,40.482027552475444,normal_1
479,0.9742316374918351,51.284002957172774,40.20327353297651,normal_1
480,1.010460814543702,51.24725513940793,40.61926943939392,normal_1
481,1.0485777538566246,49.66582691211568,40.30243994540315,normal_1
482,1.0704327017260515,51.37497735020865,40.606014167821705,normal_1
483,1.00796325422726,50.843919046760476,40.02764137959466,normal_1
484,1.0677286779266684,50.14826283954964,40.5275941421989,normal_1
485,0.8821736390233073,48.956035190309436,40.19002898682762,normal_1
486,0.9096355470656101,50.03767331771122,39.54633650122576,normal_1
487,1.1061061921235817,49.07943467818888,38.52003219253699,normal_1
488,0.953814761609384,51.420214975900144,40.14422921769243,normal_1
489,0.9341219641510836,51.21833394034018,39.99437003330456,normal_1
490,1.0215808668128743,49.52972712537625,39.37811666231907,normal_1
491,1.020347550234504,50.59194450483839,40.89018352203246,normal_1
492,0.9812616648231842,50.693884898068625,39.45954908208564,normal_1
493,1.0088504876752318,50.59900129236911,39.438059867102425,normal_1
494,1.035998523131725,50.612424737830914,39.870480124037606,normal_1
495,1.0025821252301161,50.18453807730525,39.95275239467855,normal_1
496,1.0085109506946108,50.39272415001115,38.63263724184237,normal_1
497,0.9556878353812908,49.520697270584655,40.16594241605654,normal_1
498,0.8774797579732514,49.934807669074196,39.70680424677825,normal_1
499,0.8744969438580101,50.40576509029219,40.27136841669866,normal_1
500,1.054679627891249,49.25705626207444,39.61796779509366,normal_1
501,1.0210793191688263,49.51178165663501,39.800827823843555,normal_1
502,1.0465247814965382,48.58790686810662,40.063774034831745,normal_1
503,1.015961191232391,49.61777574586873,39.22609987885558,normal_1
504,1.0609594641985658,50.907922615419096,39.91009105151601,normal_1
505,1.0103893272910465,49.90179777049951,40.13168096627808,normal_1
506,1.0203590349621414,50.03366797283664,39.96905779156283,normal_1
507,0.9573611672616709,49.65019632313349,40.666617552160446,normal_1
508,1.072625000583809,49.97157131411939,39.304376026033914,normal_1
509,1.0345465085337955,51.70645953923932,40.07623503270079,normal_1
510,0.9932175855418761,49.99803256394605,39.95732895033954,normal_1
511,1.026241050943125,53.56118641059783,39.97274205341266,normal_1
512,0.9204892360244159,50.28692537467503,40.32527881016929,normal_1
513,1.0699236941400003,49.85013311439746,40.133732033669524,normal_1
514,0.982534300523022,49.360304170504,40.1164278346865,normal_1
515,1.0259964000620898,49.369726062731274,39.51099661845846,normal_1
516,1.0114529945003876,49.81023244813067,40.31356560482848,normal_1
517,1.0799325021800799,48.87814256742399,39.7306350827862,normal_1
518,0.968952573033289,49.93490700454008,40.65387238372867,normal_1
519,1.044748696222965,50.61142895108596,39.45825218314457,normal_1
520,1.0066977223436047,50.28704772796601,40.3629695729413,normal_1
521,1.07045335744739,49.194435807975324,40.482106012550744,normal_1
522,1.017750929821285,49.849716309845206,39.729000595962326,normal_1
523,0.8542002627946923,49.64352588145696,39.026893934704546,normal_1
524,0.96638141207541,51.638008022496216,38.919005162356406,normal_1
525,0.964259752181164,50.13163601029665,40.436747972132835,normal_1
526,1.1076510814578344,50.24484312512957,39.95211247262685,normal_1
527,0.9527893764998022,49.78356059894633,39.641499956951556,normal_1
528,1.0994554905667684,47.57094320173021,41.2520934921897,normal_1
529,1.0967352531395265,51.286777305879234,41.25414302977286,normal_1
530,1.0014094878015882,51.71566606455828,39.26874172362687,normal_1
531,0.935150757475709,50.45457799825815,40.40071958594973,normal_1
532,1.0206646645859614,51.28409419728176,39.330099821033585,normal_1
533,0.9969791103042875,49.236710190576495,39.086923083043985,normal_1
534,1.0081365654612087,50.07223653128482,39.648861835621,normal_1
535,0.9942482220440902,50.07544982048432,39.74416931100217,normal_1
536,1.0333684331828432,50.75171323490912,40.14636047090279,normal_1
537,1.0093719020283913,52.80646376096178,39.88509339482598,normal_1
538,0.9119361627623469,49.89028561173923,39.822587234854716,normal_1
539,0.9587306771961096,49.272916043854586,39.17361925161736,normal_1
540,1.0617654282214737,49.44437729845775,39.90631564123796,normal_1
541,0.9927041394512869,51.83868054008259,39.657249351951855,normal_1
542,1.0159848364858644,50.81671273039753,39.88227882161297,normal_1
543,1.0652008491760596,51.41152279520135,40.71673316130626,normal_1
544,1.0436797273515952,50.151099897915216,39.992591622055485,normal_1
545,1.0150633775706435,51.23636383721176,39.92823553616928,normal_1
546,1.0310282881150816,51.50648004592611,38.85909822339988,normal_1
547,0.9924324789100573,50.34139482330764,38.84741791933027,normal_1
548,0.9749903935793893,50.25787854653243,39.71269949105304,normal_1
549,1.0138402007899159,49.56002358521854,40.02214246196747,normal_1
550,1.0617160824509762,51.32428340413401,40.578961987362256,normal_1
551,0.9958307323461983,49.48106420484346,39.40563802324804,normal_1
552,0.9167303923402441,52.099105689421826,40.66959878409637,normal_1
553,0.9218782727385644,52.43076211401696,39.81849539247604,normal_1
554,1.0128113980155458,49.17428742359476,39.542403317634744,normal_1
555,1.0951653585571304,48.81878902415017,39.673006881802074,normal_1
556,1.051125380102629,49.27371684484055,40.23886931296765,normal_1
557,0.9341974600613325,51.81318177595666,39.94903011064187,normal_1
558,0.9038672625992261,49.45529223042075,39.02023502960274,normal_1
559,0.9699919764229399,50.15977343296813,41.57880221045155,normal_1
560,0.9844292111464498,49.29658921141864,40.175928625325106,normal_1
561,1.139754312898522,52.15526686759531,40.54151064121645,normal_1
562,0.985720893884935,50.20363597678568,39.71178086926102,normal_1
563,0.9966670764883413,50.20624959641269,40.764515492191904,normal_1
564,0.9871073814209734,49.754083415384414,39.19794280502614,normal_1
565,0.9167285459901182,50.903545648168986,40.497529158800134,normal_1
566,1.029270257605065,49.7098457412065,38.732837780106415,normal_1
567,0.9920422425222266,47.65762041931759,40.704692135275906,normal_1
568,1.0516304480011898,50.87206536253722,40.59169008319088,normal_1
569,0.9737214541097112,49.455143384819486,39.926012293533574,normal_1
570,1.0827911418482974,49.03469861623415,40.260789351494175,normal_1
571,0.9945458290452734,49.52447813126537,40.19842216412647,normal_1
572,0.97796398143779,49.09806569087523,39.08787957533944,normal_1
573,1.0642268632778962,51.045177793944326,40.58965915641928,normal_1
574,0.9777343371115207,52.350276304595226,39.76256694498996,normal_1
575,1.053362369419706,49.27456267268318,39.93637397963778,normal_1
576,0.9789463408991325,48.885020963914286,38.74343478349417,normal_1
577,1.036020482191427,49.780622594621676,39.970235476722415,normal_1
578,1.003599668764652,48.87849512343874,39.556406968905286,normal_1
579,0.9922934249973354,49.43993812637621,40.10261033236101,normal_1
580,1.0509437864915272,49.23584344822895,39.54528537945645,normal_1
581,1.012749233364394,51.065889906115586,40.582186975553206,normal_1
582,0.9282536716079487,47.93098968539199,40.40048395864976,normal_1
583,1.038498669499635,49.30209824377356,39.67535395999249,normal_1
584,0.974342546950318,49.21040178963025,39.887275323422394,normal_1
585,0.9369228864644037,52.44844150345055,40.050023599156994,normal_1
586,0.9850299891190514,50.81664960687836,39.93569909862168,normal_1
587,0.9829785773871458,50.23587700954958,39.75191311216408,normal_1
588,1.0123642071755978,49.02952531284102,40.03227073606619,normal_1
589,0.9893749533305162,49.915880933693764,39.32282441193157,normal_1
590,0.9941439977819142,52.30975988187429,39.241626997379775,normal_1
591,1.0196177671336302,49.953259129891535,40.718594366441856,normal_1
592,1.0683402850431922,48.65384825449199,39.859096952255314,normal_1
593,1.0245631800700952,48.294440320120124,40.5243738214216,normal_1
594,0.9724522477470418,47.699577486577766,40.10344063998652,normal_1
595,0.9499241094718751,50.23585534707412,40.70823095284798,normal_1
596,0.9629331776594899,51.28921780084174,39.208883366239576,normal_1
597,1.0294969944653773,51.128069641537145,39.684073211070874,normal_1
598,1.0209352968077172,52.22496093499953,39.23196098115058,normal_1
599,1.083885979396709,50.66069478469487,39.937336179591476,normal_1
